name,full_address,city,Noise Level,Chinese
Ling and Louie's Kitchen,"2502 E Camelback RdPhoenix, AZ 85016",Phoenix,average,TRUE
Sunny World,"4906 E Main StMesa, AZ 85205",Mesa,quiet,TRUE
Long Wong's Restaurant,"2812 E Thomas RdPhoenix, AZ 85016",Phoenix,average,TRUE
Ling & Louie's Asian Bar and Grill,"9397 E Shea BlvdSte 125Scottsdale, AZ 85260",Scottsdale,average,TRUE
Crazy Buffet,"7720 S Priest DrTempe, AZ 85281",Tempe,average,TRUE
Hong Kong Asian Diner,"9880 S Rural RdTempe, AZ 85284",Tempe,average,TRUE
Little Shanghai,"4017 E Indian School RdPhoenix, AZ 85018",Phoenix,quiet,TRUE
Mu Shu Asian Grill,"1502 W Thomas RdPhoenix, AZ 85015",Phoenix,average,TRUE
Hong Kong Asian Cuisine,"3170 W Carefree HwySte 1Phoenix, AZ 85086",Phoenix,quiet,TRUE
George and Sons,"3049 W Agua Fria FwyPhoenix, AZ 85027",Phoenix,average,TRUE
George & Son's Asian Cuisine,"11291 E Via LindaScottsdale, AZ 85259",Scottsdale,average,TRUE
Bamboo Club,"8624 E Shea BlvdScottsdale, AZ 85260",Scottsdale,average,TRUE
The Clever Koi,"4236 N Central AvePhoenix, AZ 85012",Phoenix,average,TRUE
Chino Bandido,"1825 W Chandler BlvdChandler, AZ 85224",Chandler,average,TRUE
International House of Food,"902 W Van Buren StPhoenix, AZ 85007",Phoenix,average,TRUE
Chinese Gourmet Buffet,"2386 N Alma School RdChandler, AZ 85224",Chandler,quiet,TRUE
King Buffet,"2984 N Alma School RdChandler, AZ 85224",Chandler,quiet,TRUE
Yummy Buffet,"700 W Warner RdChandler, AZ 85224",Chandler,quiet,TRUE
New China Buffet,"1230 S Gilbert RdMesa, AZ 85204",Mesa,loud,TRUE
Ocean Buffet,"1450 S Country Club DrMesa, AZ 85210",Mesa,quiet,TRUE
Eastern Super Buffet,"1901 S Signal Butte RdSte 101Mesa, AZ 85209",Mesa,loud,TRUE
Panda King's Buffet,"1744 W Main StMesa, AZ 85201",Mesa,quiet,TRUE
U-Like World Buffet,"1343 S Gilbert RdMesa, AZ 85204",Mesa,average,TRUE
Crown China Super Buffet,"5505 N 7th StPhoenix, AZ 85014",Phoenix,average,TRUE
New Hong Kong,"2328 E Indian School RdPhoenix, AZ 85016",Phoenix,quiet,TRUE
Golden Coin,"3224 E Thomas RdPhoenix, AZ 85018",Phoenix,average,TRUE
Lim's Chinese Buffet,"2412 E Greenway RdPhoenix, AZ 85032",Phoenix,quiet,TRUE
New Sun Star Super Buffet,"5819 S Central AvePhoenix, AZ 85040",Phoenix,very_loud,TRUE
Hong Kong Gourmet Buffet,"4909 E Chandler BlvdPhoenix, AZ 85048",Phoenix,average,TRUE
China Garden Restaurant,"17201 N 19th AvePhoenix, AZ 85023",Phoenix,average,TRUE
Great Wall Buffet,"10605 N 43rd AvePhoenix, AZ 85029",Phoenix,loud,TRUE
China Harvest Buffet,"12407 N 28th DrPhoenix, AZ 85029",Phoenix,average,TRUE
May Garden Restaurant,"5814 W Indian School RdPhoenix, AZ 85031",Phoenix,average,TRUE
Chinese Gourmet Buffet,"5301 W Indian School RdPhoenix, AZ 85031",Phoenix,quiet,TRUE
New China Buffet,"2939 N 24th StPhoenix, AZ 85016",Phoenix,average,TRUE
Great Dragon Restaurant,"2624 W Bethany Home RdPhoenix, AZ 85017",Phoenix,very_loud,TRUE
China Star Super Buffet,"3507 W Dunlap AvePhoenix, AZ 85073",Phoenix,average,TRUE
Jumbo Buffet,"3414 W Southern AvePhoenix, AZ 85041",Phoenix,average,TRUE
Lin's Grand Buffet,"7406 W McDowell RdPhoenix, AZ 85035",Phoenix,average,TRUE
New China Super Buffet,"601 W Bell RdPhoenix, AZ 85023",Phoenix,average,TRUE
Shanghai Buffet,"4201 W Bell RdPhoenix, AZ 85053",Phoenix,average,TRUE
Great China Super Buffet,"1501 W Bethany Home RdPhoenix, AZ 85015",Phoenix,average,TRUE
101 Asian Buffet,"20440 N 27th AvePhoenix, AZ 85027",Phoenix,quiet,TRUE
Lin's Grand Buffet,"Phoenix, AZ 85042",Phoenix,average,TRUE
Hibachi Grill & Supreme Buffet,"2929 N 75th AvePhoenix, AZ 85033",Phoenix,average,TRUE
E-Z Buffet,"3202 E Greenway RdPhoenix, AZ 85032",Phoenix,average,TRUE
Hibachi Grill & Supreme Buffet,"10030 N Metro Pkwy EPhoenix, AZ 85051",Phoenix,average,TRUE
Red Wok Buffet,"3434 E Thomas RdPhoenix, AZ 85018",Phoenix,average,TRUE
New King Wah Chinese Buffet,"220 E Southern AvePhoenix, AZ 85040",Phoenix,average,TRUE
China City Super Buffet,"5301 W Indian School RdPhoenix, AZ 85031",Phoenix,quiet,TRUE
China Asia Super Buffet,"5301 W Indian School RdPhoenix, AZ 85031",Phoenix,average,TRUE
China Farm Chinese Buffet,"3135 S 48th StTempe, AZ 85282",Tempe,average,TRUE
China Town Buffet,"1807 E Baseline RdTempe, AZ 85283",Tempe,average,TRUE
Volcano Buffet,"805 N Dobson RdMesa, AZ 85201",Mesa,average,TRUE
YC's Mongolian Grill,"3206 S McClintock DrTempe, AZ 85282",Tempe,average,TRUE
YC's Mongolian Grill,"752 W Elliot RdTempe, AZ 85284",Tempe,average,TRUE
Long Wongs,"1272 N Arizona AveChandler, AZ 85225",Chandler,quiet,TRUE
Marcia's Long Wongs,"5 W Baseline RdPhoenix, AZ 85041",Phoenix,average,TRUE
China City Super Buffet,"2235 S Power RdSte 101Mesa, AZ 85209",Mesa,average,TRUE
Lim's Chinese Restaurant,"7532 W Indian School RdPhoenix, AZ 85033",Phoenix,quiet,TRUE
Red Dragon Chinese Food,"2160 N Alma School RdChandler, AZ 85224",Chandler,average,TRUE
China Way Restaurant,"3021 N  Alma School RdChandler, AZ 85224",Chandler,average,TRUE
Yangtse Chinese Bistro,"1940 W Chandler BlvdChandler, AZ 85224",Chandler,average,TRUE
Queen's Bowl Chinese Food,"6245 W Chandler BlvdChandler, AZ 85226",Chandler,average,TRUE
House of Egg Roll,"961 W Ray RdSte 11Chandler, AZ 85225",Chandler,quiet,TRUE
Chens Chinese Food,"2945 E Riggs RdChandler, AZ 85249",Chandler,average,TRUE
Tott's Asian Diner,"4030 W Ray RdSte 1Chandler, AZ 85226",Chandler,average,TRUE
Tao Garden,"2050 N Alma School RdChandler, AZ 85224",Chandler,average,TRUE
Panda Express,"4040 S Arizona AveChandler, AZ 85248",Chandler,average,TRUE
Phoenix Palace,"1949 W Ray RdSte 23Chandler, AZ 85224",Chandler,average,TRUE
Chef Chiang,"4929 W Chandler BlvdSte 3Chandler, AZ 85226",Chandler,quiet,TRUE
Hong Kong Bistro,"4990 S Gilbert RdSte 8Chandler, AZ 85249",Chandler,average,TRUE
Big Wa,"990 E. Riggs Rd.Chandler, AZ 85249",Chandler,quiet,TRUE
Beijing Restaurant,"2040 S Alma School RdSte 13Chandler, AZ 85286",Chandler,average,TRUE
Ling and Louie's Asian Bar and Grill,"5040 Wild Horse Pass BlvdGila River Indian Casino CommunityChandler, AZ 85226",Chandler,very_loud,TRUE
Hong Kong Kitchen II,"3076 E. Chandler Heights RdSte 104Chandler, AZ 85249",Chandler,quiet,TRUE
Panda Express,"2905 W Ray RdChandler, AZ 85224",Chandler,average,TRUE
Hot Wok Chinese Restaurant,"1050 E Ray RdChandler, AZ 85225",Chandler,quiet,TRUE
iKitchen,"5055 W Ray RdChandler, AZ 85226",Chandler,quiet,TRUE
China Magic Noodle House,"2015 N Dobson RdChandler, AZ 85224",Chandler,average,TRUE
Gold Chef,"1055 S Arizona AveSte 10Chandler, AZ 85286",Chandler,quiet,TRUE
Wang's Delight,"3855 W Ray RdSte 6Chandler, AZ 85226",Chandler,quiet,TRUE
Chou's Kitchen,"910 N Alma School RdChandler, AZ 85224",Chandler,average,TRUE
Chen's Chinese Bistro,"990 E Riggs RdSte 9Chandler, AZ 85249",Chandler,very_loud,TRUE
Szechwan Garden,"5055 W Ray RdSte 1Chandler, AZ 85226",Chandler,average,TRUE
Szechuan Cuisine,"5865 W Ray RdChandler, AZ 85226",Chandler,quiet,TRUE
Max Asia Cafe,"1018 N Arizona AveChandler, AZ 85225",Chandler,average,TRUE
Hunan Garden,"1940 W Chandler BlvdSte 1Chandler, AZ 85224",Chandler,average,TRUE
Best Hong Kong Dining,"1116 S Dobson RdSte 123Mesa, AZ 85202",Mesa,quiet,TRUE
China Express,"1940 W Baseline RdMesa, AZ 85202",Mesa,quiet,TRUE
Golden Canyon Oriental,"1133 S Dobson RdMesa, AZ 85202",Mesa,quiet,TRUE
Golden Gate Chinese Restaurant,"2640 W Baseline RdMesa, AZ 85202",Mesa,quiet,TRUE
Golden Valley Chinese Restaurant,"832 W Baseline RdMesa, AZ 85210",Mesa,quiet,TRUE
Chens Chinese Restaurant,"9303 E Baseline RdMesa, AZ 85209",Mesa,quiet,TRUE
China China Restaurant,"1034 E Main StMesa, AZ 85203",Mesa,quiet,TRUE
Kwan's Sampan Restaurant,"1927 N Gilbert RdMesa, AZ 85203",Mesa,average,TRUE
China Palace,"5761 E Brown RdSte 1Mesa, AZ 85205",Mesa,quiet,TRUE
Tao Yuan Chinese Restaurant,"4419 E Main StSte 117Mesa, AZ 85205",Mesa,quiet,TRUE
Tasty Joe's,"1152 N Power RdMesa, AZ 85205",Mesa,average,TRUE
Panda Express,"9115 E Baseline RdMesa, AZ 85209",Mesa,average,TRUE
Asian Cafe Express,"1911 W Main StSte 3Mesa, AZ 85201",Mesa,average,TRUE
Jong Wah Chinese Restaurant,"1309 W Guadalupe RdMesa, AZ 85202",Mesa,quiet,TRUE
Yen Ching,"126 S Power RdMesa, AZ 85206",Mesa,quiet,TRUE
Panda Express,"1445 W Southern AveSte 2106Mesa, AZ 85202",Mesa,average,TRUE
Panda Express,"1950 E University DrMesa, AZ 85203",Mesa,average,TRUE
China Gourmet,"3460 E Southern AveSte 109Mesa, AZ 85204",Mesa,quiet,TRUE
New China,"Northpoint Village Shopping Center1130 N Higley Rd, Ste 7-102Mesa, AZ 85205",Mesa,quiet,TRUE
Panda Express,"921 N Dobson RdMesa, AZ 85201",Mesa,average,TRUE
Jade House,"2711 S Alma School RdMesa, AZ 85210",Mesa,quiet,TRUE
Panda Express,"1752 S Signal Butte RdSte 111Mesa, AZ 85209",Mesa,average,TRUE
Panda Express,"342 W Baseline RdMesa, AZ 85210",Mesa,loud,TRUE
China 1,"319 S Power RdMesa, AZ 85206",Mesa,quiet,TRUE
J & M Chinese Cuisine Restaurant,"1035 N Ellsworth RdMesa, AZ 85207",Mesa,quiet,TRUE
China Rice,"1352 E Broadway RdMesa, AZ 85204",Mesa,quiet,TRUE
Green Tea Restaurant,"1239 S Higley RdSte 102Mesa, AZ 85206",Mesa,quiet,TRUE
Empire Asian Bistro,"7641 E Guadalupe RdMesa, AZ 85212",Mesa,quiet,TRUE
Ding Hao Shanghai Bistro,"2711 S Alma School RdSte 2Mesa, AZ 85210",Mesa,quiet,TRUE
Green Tea Bistro,"1309 West Guadalupe RdSte 5-6Mesa, AZ 85202",Mesa,quiet,TRUE
Gourmet House of Hong Kong,"1438 E McDowell RdPhoenix, AZ 85006",Phoenix,average,TRUE
Lao Ching Hing,"Cofco Chinese Cultural Ctr668 N 44th StPhoenix, AZ 85008",Phoenix,quiet,TRUE
Szechwan Palace,"Cofco Chinese Cultural Center668 N 44th St, Ste 108Phoenix, AZ 85008",Phoenix,average,TRUE
China Chili,"302 E Flower StPhoenix, AZ 85012",Phoenix,average,TRUE
China Village,"2710 E Indian School RdPhoenix, AZ 85016",Phoenix,quiet,TRUE
Desert Jade,"3215 E Indian School RdPhoenix, AZ 85018",Phoenix,average,TRUE
Panda Express,"7000 N 16th StSte 100Phoenix, AZ 85020",Phoenix,average,TRUE
Super Dragon,"1212 E Northern AvePhoenix, AZ 85020",Phoenix,average,TRUE
Bamboo China Restaurant,"7575 N 16th StPhoenix, AZ 85020",Phoenix,quiet,TRUE
Flamingo Palace,"350 E Bell RdSte 3Phoenix, AZ 85022",Phoenix,quiet,TRUE
Bamboo House,"502 E Thunderbird RdPhoenix, AZ 85022",Phoenix,quiet,TRUE
New North China,"12835 N Cave Creek RdPhoenix, AZ 85022",Phoenix,quiet,TRUE
Panda Express,"903 E Bell RdSte 101Phoenix, AZ 85022",Phoenix,average,TRUE
Dragon Bowl,"814 E Union Hills DrSte C-14Phoenix, AZ 85024",Phoenix,average,TRUE
Panda Express,"10637 N Tatum BlvdPhoenix, AZ 85028",Phoenix,average,TRUE
Little Peking,"10608 N 32nd StPhoenix, AZ 85028",Phoenix,average,TRUE
Golden Wok Chinese Restaurant,"4651 E Cactus RdPhoenix, AZ 85032",Phoenix,quiet,TRUE
Go Go China,"13636 N Tatum BlvdSte 10Phoenix, AZ 85032",Phoenix,quiet,TRUE
Golden Bowl Chinese Food,"3208 E Cactus RoadPhoenix, AZ 85032",Phoenix,average,TRUE
Dragon Palace,"13825 N 32nd StPhoenix, AZ 85032",Phoenix,quiet,TRUE
Yunan Wok,"2948 E Bell RdSte 103Phoenix, AZ 85032",Phoenix,quiet,TRUE
Wang Express,"4747 E Bell RdSte 19Phoenix, AZ 85032",Phoenix,average,TRUE
Wong's Chinese Dining,"1137 E Buckeye RdPhoenix, AZ 85034",Phoenix,average,TRUE
Tam's,"1714 E Broadway RdPhoenix, AZ 85040",Phoenix,quiet,TRUE
Canton Wong #8,"7050 S Central AvePhoenix, AZ 85042",Phoenix,average,TRUE
China Restaurant,"4709 E Southern AvenuePhoenix, AZ 85042",Phoenix,average,TRUE
Panda Garden,"4730 E Warner RdPhoenix, AZ 85044",Phoenix,quiet,TRUE
Beijing Beijing,"1327 E Chandler BlvdPhoenix, AZ 85048",Phoenix,quiet,TRUE
Mr Chao's Asian Bistro,"4232 E Chandler BlvdSte 4Phoenix, AZ 85048",Phoenix,quiet,TRUE
Sing High Chop Suey House,"27 W Madison StPhoenix, AZ 85003",Phoenix,average,TRUE
Liyuen,"1602 S 7th AvePhoenix, AZ 85007",Phoenix,average,TRUE
Golden Moon Palace Restaurant,"1408 W Van Buren StPhoenix, AZ 85007",Phoenix,quiet,TRUE
Diamond's Chinese Restaurant,"4402 N 7th AvePhoenix, AZ 85013",Phoenix,quiet,TRUE
The Prime Chinese Restaurant,"24 W Camelback RdSte HPhoenix, AZ 85013",Phoenix,quiet,TRUE
Kwan & Wok Chinese Restaurant,"1702 W Camelback RdPhoenix, AZ 85015",Phoenix,quiet,TRUE
Yin's Chinese Resturant,"1950 W Indian School RoadPhoenix, AZ 85015",Phoenix,quiet,TRUE
Shanghai Express,"3302 W Thomas RdPhoenix, AZ 85017",Phoenix,quiet,TRUE
Panda Gourmet,"9020 N 19th AvePhoenix, AZ 85021",Phoenix,average,TRUE
Chen Wok Express,"8115 N 19th AvePhoenix, AZ 85021",Phoenix,quiet,TRUE
Panda Express,"3013 W Agua Fria FwySte 4Phoenix, AZ 85027",Phoenix,average,TRUE
Mister Wong,"10627 N 19th AvePhoenix, AZ 85029",Phoenix,quiet,TRUE
Ming's Pagoda,"12019 N 19th AvePhoenix, AZ 85029",Phoenix,quiet,TRUE
Shangri-La Chinese,"2855 W Cactus RdPhoenix, AZ 85029",Phoenix,quiet,TRUE
Little Dragon Chinese Restaurant,"4327 W Thomas RdPhoenix, AZ 85031",Phoenix,average,TRUE
Golden Nugget Chinese Buffet,"4955 W Indian School RdPhoenix, AZ 85031",Phoenix,average,TRUE
Canton Dragon,"7307 W Indian School RdPhoenix, AZ 85033",Phoenix,average,TRUE
Panda Express,"7510 W Thomas RdPhoenix, AZ 85033",Phoenix,average,TRUE
Good China Restaurant,"6544 W Thomas RdSte 38Phoenix, AZ 85033",Phoenix,quiet,TRUE
Happy Food,"6701 W Thomas RdPhoenix, AZ 85033",Phoenix,quiet,TRUE
Rice To You,"5132 W McDowell RdPhoenix, AZ 85035",Phoenix,quiet,TRUE
Star Wok,"2201 N 83rd AvenuePhoenix, AZ 85035",Phoenix,quiet,TRUE
Wong's Restaurant,"10540 W Indian School RdPhoenix, AZ 85037",Phoenix,quiet,TRUE
Great Wall Buffet Two Corporation,"8101 N 35th AvePhoenix, AZ 85051",Phoenix,quiet,TRUE
Pong Pong,"3332 W Bell RoadPhoenix, AZ 85053",Phoenix,quiet,TRUE
Abacus Inn,"3509 W Thunderbird RdPhoenix, AZ 85053",Phoenix,quiet,TRUE
New Asian Kitchen,"4231 W Bell RoadPhoenix, AZ 85053",Phoenix,quiet,TRUE
Golden Phoenix Chinese Restaurant,"6048 N 16th StPhoenix, AZ 85016",Phoenix,average,TRUE
Golden Buddha,"668 N 44th StPhoenix, AZ 85008",Phoenix,average,TRUE
Chen & Wok,"6505 N 7th StPhoenix, AZ 85014",Phoenix,average,TRUE
Siu Wok,"3815 N Central AveSte APhoenix, AZ 85012",Phoenix,average,TRUE
Wahsun Chinese Restaurant,"8056 N 19th AvePhoenix, AZ 85021",Phoenix,average,TRUE
Pei Wok,"3233 E Chandler BlvdSte 6Phoenix, AZ 85048",Phoenix,quiet,TRUE
Nee House Chinese Restaurant,"13843 N Tatum BlvdSte 15Phoenix, AZ 85032",Phoenix,average,TRUE
Asia Lee Chinese Restaurant,"5030 E McDowell RdPhoenix, AZ 85008",Phoenix,loud,TRUE
Peter Wong Chinese Restaurant,"1534 W Camelback RdPhoenix, AZ 85015",Phoenix,quiet,TRUE
The Wok Express,"4835 E Greenway RdPhoenix, AZ 85034",Phoenix,quiet,TRUE
Hong Kong Express,"668 N 44th StPhoenix, AZ 85008",Phoenix,average,TRUE
Golden China,"10720 W Indian School RdPhoenix, AZ 85037",Phoenix,quiet,TRUE
Happy Food,"3 W Baseline RdPhoenix, AZ 85041",Phoenix,quiet,TRUE
Great Wok,"3646 E Ray RdSte 12Phoenix, AZ 85044",Phoenix,average,TRUE
Best Wok Buffet,"5030 W McDowell RdSte 50Phoenix, AZ 85035",Phoenix,quiet,TRUE
Li's Bowl,"6260 S 35th AvePhoenix, AZ 85041",Phoenix,quiet,TRUE
Panda Express,"4750 S 48th StSte 121Phoenix, AZ 85040",Phoenix,average,TRUE
Tasty House Chinese Restaurant,"1512 W Bell RdSte 7Phoenix, AZ 85023",Phoenix,quiet,TRUE
Panda Express,"7630 W Lower Buckeye RdPhoenix, AZ 85043",Phoenix,average,TRUE
Panda Express,"4025 E Chandler BlvdPhoenix, AZ 85048",Phoenix,average,TRUE
Hsin Cafe,"120 E Taylor StSte 150Phoenix, AZ 85004",Phoenix,quiet,TRUE
Panda Express,"2501 W Happy Valley RdPhoenix, AZ 85085",Phoenix,average,TRUE
Dragon Island Chinese Restaurant,"1739 W Glendale AvePhoenix, AZ 85021",Phoenix,quiet,TRUE
Yu's Cafe,"1920 W Thunderbird RdPhoenix, AZ 85023",Phoenix,quiet,TRUE
South China BBQ Hong Kong Style,"4515 N 7th AvePhoenix, AZ 85013",Phoenix,quiet,TRUE
Lucky Kitchen,"1520 W Indian School RdSte 1Phoenix, AZ 85015",Phoenix,quiet,TRUE
Dao Kitchen Asian Bistro,"34455 N 27 DrSte D 160-162Phoenix, AZ 85085",Phoenix,quiet,TRUE
Yan's Chinese Food #2,"9140 W Thomas RdSte B103Phoenix, AZ 85037",Phoenix,quiet,TRUE
King Wong Chinese Food,"2545 N 32nd StPhoenix, AZ 85008",Phoenix,quiet,TRUE
Panda Express,"998 E Indian School RdPhoenix, AZ 85014",Phoenix,average,TRUE
Big Heng,"1739 W Glendale AvePhoenix, AZ 85021",Phoenix,quiet,TRUE
Lin's Golden Chinese Restaurant,"5037 W Thomas RdPhoenix, AZ 85035",Phoenix,quiet,TRUE
Hong Kong Chinese Cuisine,"1920 W Thunderbird RdPhoenix, AZ 85023",Phoenix,quiet,TRUE
Hong Kong Kitchen 3,"510 E Baseline RdD3Phoenix, AZ 85042",Phoenix,quiet,TRUE
Dragon Chinese Restaurant,"1739 W GlendalePhoenix, AZ 85021",Phoenix,average,TRUE
Silver Dragon Chinese Restaurant,"1739 W Glendale AvePhoenix, AZ 85021",Phoenix,average,TRUE
Good Taste House,"8510 N. 7th StPhoenix, AZ 85020",Phoenix,very_loud,TRUE
Mr. Cooks Chinese Cuisine,"3208 E Cactus RdPhoenix, AZ 85032",Phoenix,average,TRUE
House of Yang,"13802 N Scottsdale RdScottsdale, AZ 85254",Scottsdale,average,TRUE
Qwik Chinese,"7353 N V??a Paseo Del SurSte 490Scottsdale, AZ 85258",Scottsdale,quiet,TRUE
Joyful Chinese Dining,"9699 N Hayden RdScottsdale, AZ 85258",Scottsdale,quiet,TRUE
Sesame Inn Carefree,"34482 N Scottsdale RdScottsdale, AZ 85262",Scottsdale,quiet,TRUE
Panda Express,"7014 E Camelback RdScottsdale, AZ 85251",Scottsdale,very_loud,TRUE
Jade Palace,"23623 N Scottsdale RdScottsdale, AZ 85255",Scottsdale,average,TRUE
China Wok,"2334 N Scottsdale RdScottsdale, AZ 85257",Scottsdale,quiet,TRUE
New China Gate,"7730 E McDowell RdSte 111Scottsdale, AZ 85257",Scottsdale,loud,TRUE
Jade Palace,"9160 E Shea BlvdSte 101Scottsdale, AZ 85260",Scottsdale,average,TRUE
Canton Dragon,"10190 N 90th StScottsdale, AZ 85258",Scottsdale,quiet,TRUE
Flo's,"15027 N Thompson Peak PkwyScottsdale, AZ 85260",Scottsdale,average,TRUE
Red House,"8902 E Via LindaSte 100Scottsdale, AZ 85258",Scottsdale,quiet,TRUE
Yummy Yummy Chinese Restaurant,"2765 N Scottsdale RdSte 105Scottsdale, AZ 85257",Scottsdale,quiet,TRUE
Jimmy Woo's,"4233 N Scottsdale RdScottsdale, AZ 85251",Scottsdale,average,TRUE
Sunshine Moon Peking Pub,"4175 N Goldwater BlvdScottsdale, AZ 85251",Scottsdale,average,TRUE
Panda Express,"2931 N Scottsdale RdScottsdale, AZ 85251",Scottsdale,average,TRUE
Qwik Chinese Bistro,"9030 E Via LindaSte100Scottsdale, AZ 85258",Scottsdale,average,TRUE
China Jade,"14747 Northsight BlvdSte116Scottsdale, AZ 85260",Scottsdale,average,TRUE
Hong Kong Asian Cuisine,"15050 N Northsight BlvdScottsdale, AZ 85260",Scottsdale,quiet,TRUE
Jade Palace,"8876 E Pinnacle Peak RdSte 104Scottsdale, AZ 85255",Scottsdale,loud,TRUE
Pong Pong Restaurant,"3330 S Price RdTempe, AZ 85282",Tempe,average,TRUE
Hunan Express Chinese Delivery,"818 W Broadway Rd Ste 101Tempe, AZ 85282",Tempe,quiet,TRUE
Golden Egg Roll,"3320 S Priest DrTempe, AZ 85282",Tempe,average,TRUE
Rice King Restaurant,"930 W Broadway RdSte 11Tempe, AZ 85282",Tempe,quiet,TRUE
Mr. Hunan,"960 W University DrSte 116Tempe, AZ 85281",Tempe,quiet,TRUE
Little Szechuan,"524 W University DrTempe, AZ 85281",Tempe,quiet,TRUE
Gourmet Wok,"825 W Baseline RdTempe, AZ 85283",Tempe,quiet,TRUE
Panda Express,"1714 E Guadalupe RoadTempe, AZ 85283",Tempe,quiet,TRUE
Chopstick Express,"939 E Guadalupe RdSte 1Tempe, AZ 85283",Tempe,quiet,TRUE
Wong's Place,"1825 E Baseline Rd.Tempe, AZ 85283",Tempe,average,TRUE
Chinatown Restaurant,"2700 W Baseline RdTempe, AZ 85283",Tempe,quiet,TRUE
Panda Express,"777 S College AveTempe, AZ 85281",Tempe,average,TRUE
Hot Wok Mr Cook,"655 W Warner RdSte 117Tempe, AZ 85284",Tempe,average,TRUE
China Max,"6438 S McClintock DrTempe, AZ 85283",Tempe,quiet,TRUE
Panda Express,"1320 W Elliot RdTempe, AZ 85284",Tempe,quiet,TRUE
Yum Yum China,"2000 E Rio Salado PkwyTempe, AZ 85281",Tempe,quiet,TRUE
Big Wa Chinese,"3135 S 48th StSte 102Tempe, AZ 85282",Tempe,average,TRUE
China Jade,"825 W Baseline RdSte 7Tempe, AZ 85283",Tempe,average,TRUE
Miu's Cuisine,"2314 E Apache BlvdTempe, AZ 85281",Tempe,quiet,TRUE
Panda Express,"908 East Broadway AveTempe, AZ 85282",Tempe,loud,TRUE
Beijing Express,"219 E Baseline RdSte H-2Tempe, AZ 85283",Tempe,quiet,TRUE
Phoenix Palace,"2075 N Dobson RdChandler, AZ 85224",Chandler,average,TRUE
Mekong Palace,"66 S Dobson RdSte 120Mesa, AZ 85202",Mesa,average,TRUE
Great Wall Cuisine,"5057 N 35th AvePhoenix, AZ 85017",Phoenix,average,TRUE
Panda Express,"14850 N Frank Lloyd Wright BlvdSte 101Scottsdale, AZ 85260",Scottsdale,average,TRUE
Rice Garden,"1920 W Chandler BlvChandler, AZ 85224",Chandler,average,TRUE
Rice Garden,"8053 E Indian School RdScottsdale, AZ 85251",Scottsdale,average,TRUE
Pei Wei,"8700 E. Raintree Dr.Scottsdale, AZ 85260",Scottsdale,average,TRUE
SN Pacific Rim Asian Kitchen,"1236 E Baseline RdMesa, AZ 85204",Mesa,average,TRUE
Asian Cafe,"2510 W Thunderbird RdSte 9Phoenix, AZ 85023",Phoenix,quiet,TRUE
Big Bowl Restaurant,"1910 E Broadway RdMesa, AZ 85204",Mesa,quiet,TRUE
Panda Express,"5229 W Indian School RdPhoenix, AZ 85031",Phoenix,average,TRUE
Hao Bao,"Phoenix, AZ",Phoenix,average,TRUE
Panda Express,"21001 N Tatum BlvdSte 1630Phoenix, AZ 85050",Phoenix,average,TRUE
Snoh Ice Shavery,"914 E Camelback RdUnit 4BPhoenix, AZ 85014",Phoenix,average,TRUE
P F Chang's China Bistro,"Chandler Fashion Center3255 W Chandler BlvdChandler, AZ 85226",Chandler,average,TRUE
Pei Wei Asian Diner,"7131 W Ray Rd.Bldg. 1 Suite 3Chandler, AZ 85226",Chandler,average,TRUE
Pei Wei Asian Diner,"1085 W Queen Creek RdSuite 1Chandler, AZ 85248",Chandler,loud,TRUE
Pei Wei,"3426 E Baseline Rd.Mesa, AZ 85204",Mesa,average,TRUE
P.F. Chang's,"6610 E Superstition Springs Blvd.Mesa, AZ 85206",Mesa,loud,TRUE
Pei Wei Asian Diner,"4340 E Indian School Rd.Bldg. A Suite 23Phoenix, AZ 85018",Phoenix,average,TRUE
Pei Wei Asian Diner,"742 E GlendaleSuite 110Phoenix, AZ 85020",Phoenix,average,TRUE
Pei Wei Asian Diner,"267 E Bell Rd.Suite 1Phoenix, AZ 85022",Phoenix,loud,TRUE
Pei Wei,"701 W McDowell RdPhoenix, AZ 85003",Phoenix,average,TRUE
P.F. Chang's,"2420 W Happy Valley Rd.Phoenix, AZ 85085",Phoenix,average,TRUE
P.F. Chang's,"7135 E Camelback Rd. Suite 101Scottsdale, AZ 85251",Scottsdale,average,TRUE
Pei Wei,"8787 N Scottsdale RdScottsdale, AZ 85253",Scottsdale,average,TRUE
Pei Wei Asian Diner,"20851 N Scottsdale Rd.Suite 105Scottsdale, AZ 85255",Scottsdale,average,TRUE
P.F. Chang's,"7132 E Greenway Pkwy.Scottsdale, AZ 85254",Scottsdale,average,TRUE
P.F. Chang's,"740 S Mill Ave. #140Tempe, AZ 85281",Tempe,average,TRUE
Pei Wei Asian Diner,"1825 GuadalupeSuite F-112Tempe, AZ 85283",Tempe,average,TRUE
Teriyaki Kitchen,"2028 W Guadalupe RdMesa, AZ 85202",Mesa,quiet,TRUE
Yoko Fast Food,"1235 S Gilbert RdSte 1Mesa, AZ 85204",Mesa,quiet,TRUE
Bamboo Grille,"3049 W Agua Fria FwySte B-3Phoenix, AZ 85027",Phoenix,average,TRUE
Li's Asian,"7650 S  McClintock DrSte 112Tempe, AZ 85284",Tempe,average,TRUE
Sun Chinese Dining,"1381 N Alma School RdChandler, AZ 85224",Chandler,average,TRUE
China Lite,"6941 N Hayden RdSte B-2Scottsdale, AZ 85250",Scottsdale,quiet,TRUE
Segal's Oasis Grill,"4818 N 7th StPhoenix, AZ 85014",Phoenix,average,TRUE
Pink Lotus Express,"18635 N 35th AvePhoenix, AZ 85027",Phoenix,average,TRUE
C-Fu Gourmet,"2051 W Warner RdSte 13Chandler, AZ 85224",Chandler,average,TRUE
China King,"1050 W Ray RdChandler, AZ 85224",Chandler,average,TRUE
Tokyo House,"2050 N Alma School RdSte 5Chandler, AZ 85224",Chandler,quiet,TRUE
Dinghao Shanghai Bistro,"2711 S Alma School RdSte 2Mesa, AZ 85210",Mesa,quiet,TRUE
Deer Garden Signature,"66 S Dobson RdSte 107Mesa, AZ 85202",Mesa,average,TRUE
Tien Wong Hot Pot,"2330 N Alma School RdSte 118Chandler, AZ 85224",Chandler,average,TRUE
Otaku,"2430 S Gilbert RdChandler, AZ 85286",Chandler,average,TRUE
Sun Asian Kitchen,"2070 E Baseline RdSte D112Phoenix, AZ 85073",Phoenix,average,TRUE
Pacific Gardens,"4747 E Elliott RdPhoenix, AZ 85044",Phoenix,average,TRUE
Fusion Sushi & China Bistro,"15768 N Frank Lloyd Wright BlvdScottsdale, AZ 85260",Scottsdale,average,TRUE
1 Eastern Super Buffet,"1901 S Signal Butte RdSte 101Mesa, AZ 85209",Mesa,average,TRUE
Zushi Japanese Bistro,"6727 E McDowell RdMesa, AZ 85215",Mesa,average,TRUE
Oriental Express,"18631 N 19th AvenueSuite 150Phoenix, AZ 85027",Phoenix,quiet,TRUE
Autumn Court Chinese Restaurant,"3752 E Indian School RdPhoenix, AZ 85018",Phoenix,quiet,TRUE
Pan Asia Sushi Chinese Fusion,"2485 E Baseline RdSte 157Phoenix, AZ 85042",Phoenix,average,TRUE
Asian Island,"14870 N Northsight BlvdSte 103Scottsdale, AZ 85260",Scottsdale,average,TRUE
Iron Chef,"10810 N Tatum BlvdSte 106Phoenix, AZ 85028",Phoenix,average,TRUE
Pei Wei Asian Market,"Madison Village742 E Glendale AvePhoenix, AZ 85016",Phoenix,very_loud,TRUE
Chino Bandido,"15414 N 19th AveSte KPhoenix, AZ 85023",Phoenix,average,TRUE
Szechwan Palace,"2386 N Alma School RdChandler, AZ 85224",Chandler,quiet,TRUE
Beijing Garden Chinese,"668 N 44th STSte 112Phoenix, AZ 85008",Phoenix,quiet,TRUE
Henry's Private Kitchen,"1440 S Country Club DrSte 10Mesa, AZ 85210",Mesa,quiet,TRUE
Henry's Taiwan Kitchen,"119 E Southern AveTempe, AZ 85282",Tempe,average,TRUE
Wok Box,"2100 S Gilbert RdSte 10Chandler, AZ 85286",Chandler,average,TRUE
Neo Tokyo,"4905 E Ray RdPhoenix, AZ 85044",Phoenix,quiet,TRUE
Flo's,"16495 N Scottsdale RdScottsdale, AZ 85254",Scottsdale,average,TRUE
Szechuan Express,"1116 S Dobson RdSte  132Mesa, AZ 85202",Mesa,quiet,TRUE
Chen & Wok,"3431 W Thunderbird RdPhoenix, AZ 85053",Phoenix,quiet,TRUE
Noodle & Rice,"2017 E Cactus RdSte GPhoenix, AZ 85022",Phoenix,quiet,TRUE
Panda Express,"7000 E Mayo BlvdPhoenix, AZ 85054",Phoenix,average,TRUE
Cyclo Vietnamese Cuisine,"1919 W Chandler BlvdChandler, AZ 85224",Chandler,average,TRUE
Pho Chandler,"4055 S Arizona AveSte 8Chandler, AZ 85248",Chandler,average,TRUE
Maxim Restaurant,"3424 N 19th AvePhoenix, AZ 85015",Phoenix,average,TRUE
Dong Phuong Saigon Bowl,"8123 E Roosevelt StScottsdale, AZ 85257",Scottsdale,quiet,TRUE
Khyber Halal,"4030 N 24th StPhoenix, AZ 85016",Phoenix,quiet,FALSE
Pak Afghan Halal Restaurant & Catering,"1638 N 40th StPhoenix, AZ 85008",Phoenix,quiet,FALSE
Zaytoon Kabob Bistro,"4804 E Chandler BlvdSte 108Phoenix, AZ 85044",Phoenix,average,FALSE
Fu Fu Cuisine,"3633 W Camelback RdSte 7Phoenix, AZ 85019",Phoenix,average,FALSE
Wings Express,"761 S Alma School RdMesa, AZ 85210",Mesa,average,FALSE
Bobby Q,"8501 N 27th AvePhoenix, AZ 85051",Phoenix,average,FALSE
Souper Salad,"2045 E Camelback RdPhoenix, AZ 85016",Phoenix,average,FALSE
Mission Grille,"Tempe Mission Palms Hotel60 E 5th StTempe, AZ 85281",Tempe,quiet,FALSE
Caf€? Oso,"3310 N 10th AvePhoenix, AZ 85013",Phoenix,average,FALSE
Maizie's Cafe & Bistro,"4750 N Central AvePhoenix, AZ 85012",Phoenix,average,FALSE
Phoenix Public Market Cafe,"14 E Pierce StPhoenix, AZ 85004",Phoenix,average,FALSE
Pony Express Cafe,"28170 N Alma School PkwyScottsdale, AZ 85262",Scottsdale,average,FALSE
ATL Wings,"70 W Warner RdSte 100Chandler, AZ 85225",Chandler,average,FALSE
The Liberty Kitchen,"3600 N 2nd AvePhoenix, AZ 85013",Phoenix,average,FALSE
Razz's Restaurant & Catering,"10315 N Scottsdale RdScottsdale, AZ 85253",Scottsdale,average,FALSE
Bistro Provence,"8900 E Pinnacle Peak RdSte B1Scottsdale, AZ 85255",Scottsdale,quiet,FALSE
Bluefire Grille,"6333 N Scottsdale RdScottsdale, AZ 85250",Scottsdale,average,FALSE
Herb 'n Flavors,"1845 E Broadway RdTempe, AZ 85281",Tempe,quiet,FALSE
TQLA,"1840 S Val Vista DrMesa, AZ 85204",Mesa,average,FALSE
Baja Loco Mesquite Grill & Cantina,"3222 E Indian School RdPhoenix, AZ 85018",Phoenix,average,FALSE
Pizza People Pub,"1326 N Central AvePhoenix, AZ 85004",Phoenix,average,FALSE
Baja Fresh,"3450 W Chandler BlvdChandler, AZ 85226",Chandler,quiet,FALSE
Dennys,"7400 W Chandler BlvdChandler, AZ 85226",Chandler,quiet,FALSE
Cork Restaurant,"4991 S Alma School RdSte 101Chandler, AZ 85248",Chandler,quiet,FALSE
TGI Friday's,"2920 E Germann RdChandler, AZ 85286",Chandler,average,FALSE
Majerle's Sports Grill,"Chandler Fashion Center3095 W Chandler BlvdChandler, AZ 85226",Chandler,average,FALSE
Ko'sin Restaurant,"5594 W Wildhorse Pass BlvdChandler, AZ 85226",Chandler,quiet,FALSE
Wienerschnitzel,"2100 N McQueen RdChandler, AZ 85225",Chandler,loud,FALSE
Red White & Brew,"4580 S Gilbert RdChandler, AZ 85224",Chandler,average,FALSE
Table 49,"4949 S Alma School RdChandler, AZ 85248",Chandler,loud,FALSE
Barrelhouse American Kitchen & Cocktails,"2050 N Alma School RdSte 8Chandler, AZ 85224",Chandler,average,FALSE
Earnest Restaurant,"4991 S Alma School RdSte 101Chandler, AZ 85248",Chandler,average,FALSE
Social Box Neighborhood Eatery,"1371 N Alma School RdChandler, AZ 85224",Chandler,average,FALSE
Wing's Express,"1449 E Main StMesa, AZ 85204",Mesa,quiet,FALSE
Long John Silver's Seafood Shoppes,"313 S Power RdMesa, AZ 85206",Mesa,quiet,FALSE
Grille At Las Sendas Golf Club,"7555 E Eagle Crest DrMesa, AZ 85207",Mesa,quiet,FALSE
Village Inn,"6813 E Main StMesa, AZ 85207",Mesa,average,FALSE
de la Cruz Bistro,"10 W Main StMesa, AZ 85209",Mesa,quiet,FALSE
On The Green Sports Grill,"801 S Power RdMesa, AZ 85206",Mesa,average,FALSE
Paradise,"1749 W Main StMesa, AZ 85201",Mesa,average,FALSE
Chick-fil-A,"905 N Dobson RdMesa, AZ 85201",Mesa,average,FALSE
Copper Plate An American Grill,"6033 S Sossaman RdMesa, AZ 85212",Mesa,average,FALSE
The Patio At Las Sendas Golf Club,"7555 E Eagle Crest DrMesa, AZ 85207",Mesa,loud,FALSE
Ihop,"917 N Dobson RdMesa, AZ 85201",Mesa,loud,FALSE
Chez Nappy,"1740 S Mesa DrMesa, AZ 85210",Mesa,average,FALSE
Arizona Baseball Club Restaurant,"401 E Jefferson StPhoenix, AZ 85004",Phoenix,average,FALSE
Coronado Cafe,"2201 N 7th StPhoenix, AZ 85006",Phoenix,average,FALSE
Cranberry Hills Eatery & Catering,"3003 N Central AveSte 118Phoenix, AZ 85012",Phoenix,average,FALSE
Bistro 24,"The Ritz-Carlton, Phoenix2401 East Camelback RoadPhoenix, AZ 85016",Phoenix,quiet,FALSE
T Cook's Restaurant,"Royal Palms Resort and Spa5200 E Camelback RdPhoenix, AZ 85018",Phoenix,quiet,FALSE
Carl's Jr 7091,"2343 E Bell RdPhoenix, AZ 85022",Phoenix,average,FALSE
Let's DO Lunch,"2510 W Dunlap AveSte 160Phoenix, AZ 85021",Phoenix,quiet,FALSE
Dennys,"2525 W Deer Valley RdPhoenix, AZ 85027",Phoenix,quiet,FALSE
5 & Diner Deer Valley,"20216 N 27th AvePhoenix, AZ 85027",Phoenix,average,FALSE
Genie G's,"7349 W Indian School RdPhoenix, AZ 85033",Phoenix,average,FALSE
T.G.I. Friday's,"2501 W Happy Valley RdPhoenix, AZ 85027",Phoenix,average,FALSE
Compass Arizona Grill,"The Hyatt Regency122 N Second StPhoenix, AZ 85004",Phoenix,quiet,FALSE
Tarbell's,"3213 E Camelback RdPhoenix, AZ 85018",Phoenix,average,FALSE
Arby's,"17031 N Tatum BlvdPhoenix, AZ 85032",Phoenix,quiet,FALSE
St. Francis Restaurant,"111 E Camelback RdPhoenix, AZ 85012",Phoenix,average,FALSE
The Market By Jennifer's Restaurant,"3603 E Indian School RdSte APhoenix, AZ 85018",Phoenix,average,FALSE
Arcadia Farms Cafe,"1625 N Central AvePhoenix, AZ 85004",Phoenix,average,FALSE
Floyd's Kitchen,"12601 N Tatum BlvdPhoenix, AZ 85032",Phoenix,average,FALSE
Tuck Shop,"2245 N 12th StPhoenix, AZ 85006",Phoenix,average,FALSE
25 Degrees,"5415 E High StSte 127Phoenix, AZ 85054",Phoenix,quiet,FALSE
The Lobby Grill,"8000 S Arizona Grand PkwyPhoenix, AZ 85044",Phoenix,average,FALSE
The Main Ingredient Ale House And Caf€?,"2337 N 7th StPhoenix, AZ 85006",Phoenix,average,FALSE
The Vig Uptown,"6015 N 16th StPhoenix, AZ 85014",Phoenix,average,FALSE
Peaks & Valleys Restaurant,"711 E Carefree HwyPhoenix, AZ 85085",Phoenix,average,FALSE
The Living Room Wine Cafe & Lounge,"2333 N 7th StPhoenix, AZ 85006",Phoenix,average,FALSE
Beckett's Table,"3717 E Indian School RdPhoenix, AZ 85018",Phoenix,average,FALSE
The House at Secret Garden,"2501 E Baseline RdPhoenix, AZ 85042",Phoenix,average,FALSE
Kitchen 56,"3433 N 56th StPhoenix, AZ 85018",Phoenix,average,FALSE
Thirteen North,"1301 E NorthernPhoenix, AZ 85020",Phoenix,average,FALSE
Province Restaurant,"333 N Central AvePhoenix, AZ 85004",Phoenix,quiet,FALSE
Cycle,"1100 N Central AvePhoenix, AZ 85004",Phoenix,loud,FALSE
Jose Roux,"3800 E Sky Harbor BlvdPhoenix, AZ 85034",Phoenix,average,FALSE
Our Gang Sports Saloon & Grill,"9832 N 7th StPhoenix, AZ 85020",Phoenix,loud,FALSE
Blue Hound Kitchen & Cocktails,"2 E Jefferson StPhoenix, AZ 85004",Phoenix,average,FALSE
Central Bistro,"3160 E Camelback RdPhoenix, AZ 85018",Phoenix,average,FALSE
Arizona Authentic Pizza,"1811 N 24th StPhoenix, AZ 85008",Phoenix,quiet,FALSE
Daily Bistro,"5053 N 44th StPhoenix, AZ 85018",Phoenix,average,FALSE
Cowboy Ciao,"3800 E Sky Harbor BlvdSte 4348Phoenix, AZ 85034",Phoenix,average,FALSE
Cafeteria on Thomas,"507 W Thomas RdSte 4Phoenix, AZ 85013",Phoenix,quiet,FALSE
Chili's Grill & Bar,"3045 W Agua Fria FwyPhoenix, AZ 85027",Phoenix,average,FALSE
Bink's Midtown,"2320 E Osborn RdPhoenix, AZ 85016",Phoenix,average,FALSE
Spice Restaurant,"Crowne Plaza Phoenix North2532 W Peoria AvePhoenix, AZ 85029",Phoenix,quiet,FALSE
The Gladly,"2201 E Camelback RdPhoenix, AZ 85016",Phoenix,average,FALSE
Twenty Highland Tavern,"4701 N 20th StPhoenix, AZ 85016",Phoenix,average,FALSE
Ingo's Tasty Food,"4502 N 40th StPhoenix, AZ 85018",Phoenix,average,FALSE
Flower Child,"5013 N 44th StSuite B2025BPhoenix, AZ 85018",Phoenix,average,FALSE
Urban Vine,"2201 N 7th StPhoenix, AZ 85006",Phoenix,average,FALSE
ThirdSpace,"1028 Grand AvePhoenix, AZ 85007",Phoenix,average,FALSE
Dragonfly Cafe,"10135 E Via LindaScottsdale, AZ 85258",Scottsdale,average,FALSE
Village Inn Restaurants,"10652 N 89th Pl.Scottsdale, AZ 85260",Scottsdale,quiet,FALSE
L'academie,"4301 N Scottsdale RdScottsdale, AZ 85251",Scottsdale,quiet,FALSE
Cowboy Ciao,"7133 E Stetson DrSte 1Scottsdale, AZ 85251",Scottsdale,average,FALSE
Elements,"5700 E McDonald DrScottsdale, AZ 85253",Scottsdale,average,FALSE
Atlas Bistro B.Y.O.B,"2515 N Scottsdale RdSte 18Scottsdale, AZ 85257",Scottsdale,quiet,FALSE
Bloom,"8877 N Scottsdale RdSte 402Scottsdale, AZ 85253",Scottsdale,average,FALSE
ZuZu at Hotel Valley Ho,"6850 E Main StScottsdale, AZ 85251",Scottsdale,average,FALSE
Crescent Moon,"Four Seasons Resort10600 E Crescent Moon DrScottsdale, AZ 85262",Scottsdale,quiet,FALSE
Palm Court Restaurant at the Scottsdale Resort,"7700 E McCormick PkwyScottsdale, AZ 85258",Scottsdale,quiet,FALSE
The Painted Horse Restaurant,"10989 E Dynamite BlvdSte 103Scottsdale, AZ 85262",Scottsdale,average,FALSE
Phil's Grill,"Grayhawk Country Club8620 E. Thompson Peak PkwyScottsdale, AZ 85255",Scottsdale,average,FALSE
OC Seven,"The Scottsdale Athletic Club8225 E Indian Bend RdScottsdale, AZ 85250",Scottsdale,quiet,FALSE
Nellie Cashman's Monday Club Cafe,"The Westin Kierland Resort & Spa6902 E Greenway PkwyScottsdale, AZ 85254",Scottsdale,quiet,FALSE
Cafe Monarch,"6934 E 1st AveSte 102Scottsdale, AZ 85251",Scottsdale,quiet,FALSE
Calistro California Bistro,"18221 N Pima RdScottsdale, AZ 85255",Scottsdale,quiet,FALSE
Talavera,"10600 E Crescent Moon DrScottsdale, AZ 85262",Scottsdale,quiet,FALSE
Renegade Tap & Kitchen,"9343 E Shea BlvdScottsdale, AZ 85260",Scottsdale,average,FALSE
Twisted Lizard Tavern & Grill,"10401 E McDowell Mountain Ranch RdScottsdale, AZ 85255",Scottsdale,average,FALSE
Parc Central,"15323 N Scottsdale RdScottsdale, AZ 85260",Scottsdale,average,FALSE
Divine Cafe & Market at Optima,"7137 E Rancho Vista DrScottsdale, AZ 85251",Scottsdale,average,FALSE
En Fuego,"5401 N Scottsdale RdScottsdale, AZ 85250",Scottsdale,quiet,FALSE
Bonfire Grill and Bar,"7210 E 2nd StScottsdale, AZ 85251",Scottsdale,average,FALSE
Mumbles Place,"6149 N Scottsdale RdScottsdale, AZ 85250",Scottsdale,average,FALSE
Technique Restaurant,"4301 N Scottsdale RdScottsdale, AZ 85251",Scottsdale,quiet,FALSE
Soul Cafe,"7615 E Pinnacle Peak RdScottsdale, AZ 85255",Scottsdale,average,FALSE
Grassroots Kitchen & Tap,"8120 N Hayden RdSte E-100Scottsdale, AZ 85258",Scottsdale,average,FALSE
Zulu Caffe,"15000 N Airport DrSte 100Scottsdale, AZ 85260",Scottsdale,quiet,FALSE
Sports Grill 101,"8763 E Bell RdScottsdale, AZ 85260",Scottsdale,average,FALSE
Devil Hotz,"7620 E Mckellips RdSte 14Scottsdale, AZ 85257",Scottsdale,quiet,FALSE
Graze Desert Grille,"7677 E  Princess BlvdScottsdale, AZ 85255",Scottsdale,quiet,FALSE
Kelly's At Southbridge,"7117 E 6th AveScottsdale, AZ 85251",Scottsdale,loud,FALSE
Searsucker,"6900 E Camelback RdScottsdale, AZ 85251",Scottsdale,average,FALSE
Tavern Americana,"20469 N Hayden RdScottsdale, AZ 85255",Scottsdale,very_loud,FALSE
Renegade by MOD,"9343 E Shea BlvdScottsdale, AZ 85260",Scottsdale,average,FALSE
Scottsdale Station,"8220 N Hayden RdScottsdale, AZ 85258",Scottsdale,quiet,FALSE
Bink's Scottsdale,"6107 N Scottsdale RdScottsdale, AZ 85250",Scottsdale,average,FALSE
Black & Bleu American Grill,"9343 E Shea BlvdSte 135Scottsdale, AZ 85260",Scottsdale,average,FALSE
Top of the Rock,"2000 W Westcourt WayTempe, AZ 85282",Tempe,average,FALSE
House of Tricks,"114 E 7th StTempe, AZ 85281",Tempe,average,FALSE
Denny's,"825 S 48th StTempe, AZ 85281",Tempe,average,FALSE
Milagros Restaurant,"2100 S Priest DrTempe, AZ 85282",Tempe,average,FALSE
Sunshine's Motor City Cafe,"7425 S Harl AveSte 2Tempe, AZ 85283",Tempe,quiet,FALSE
The Revival,"603 W University DrTempe, AZ 85281",Tempe,average,FALSE
Culinary Dropout,"149 S FarmerTempe, AZ 85281",Tempe,loud,FALSE
D'Lish Cafe,"503 W Thomas RdPhoenix, AZ 85013",Phoenix,average,FALSE
The Greene House,"15024 N Scottsdale RdSte 100Scottsdale, AZ 85254",Scottsdale,average,FALSE
The Scottsdale Salad Co.,"15040 N Northsight BlvdScottsdale, AZ 85260",Scottsdale,quiet,FALSE
Cracker Barrel Old Country Store,"1007 N Dobson RdMesa, AZ 85201",Mesa,average,FALSE
Niki's Kitchen- Fry Bread,"816 S Stapley RdMesa, AZ 85204",Mesa,quiet,FALSE
Viad Tower Restaurants,"1850 N Central AvePhoenix, AZ 85004",Phoenix,quiet,FALSE
The Herb Box,"Old Town Scottsdale7134 E Stetson Dr, Ste 200Scottsdale, AZ 85251",Scottsdale,average,FALSE
GreenMix,"2160 E Baseline RdSte 128Phoenix, AZ 85042",Phoenix,average,FALSE
Kona Grill,"Chandler Fashion Center3111 W Chandler BlvdChandler, AZ 85226",Chandler,average,FALSE
Hillstone Restaurant,"2650 E Camelback RdPhoenix, AZ 85016",Phoenix,average,FALSE
Rock-n-Roll Fingers,"937 E BroadwayTempe, AZ 85282",Tempe,average,FALSE
Coco's Restaurant,"4601 E Thomas RdPhoenix, AZ 85018",Phoenix,quiet,FALSE
Dennys,"3456 W Bethany Home RdPhoenix, AZ 85017",Phoenix,quiet,FALSE
Rusconi's American Kitchen,"10637 N Tatum BlvdPhoenix, AZ 85028",Phoenix,average,FALSE
Bandera,"3821 N Scottsdale RdScottsdale, AZ 85251",Scottsdale,average,FALSE
Sevens' bistro,"7707 E Mcdowell RdScottsdale, AZ 85257",Scottsdale,quiet,FALSE
Gordon Biersch,"18545 N Allied WayPhoenix, AZ 85054",Phoenix,average,FALSE
Rudy's Country Store And Bar-B-Q,"7300 W Chandler BlvdChandler, AZ 85226",Chandler,average,FALSE
Satisfied Frog On Bell,"2827 E Bell RdPhoenix, AZ 85032",Phoenix,average,FALSE
Game Seven Grill,"201 S 4th StPhoenix, AZ 85034",Phoenix,loud,FALSE
HEK Yeah BBQ,"15044 N Cave Creek RdSte 6Phoenix, AZ 85032",Phoenix,average,FALSE
Golden Corral,"7609 W Thomas RdPhoenix, AZ 85033",Phoenix,loud,FALSE
Chloe's Corner,"50 W Jefferson StPhoenix, AZ 85004",Phoenix,average,FALSE
Mimi's Cafe,"10214 N Metro Pkwy WPhoenix, AZ 85051",Phoenix,quiet,FALSE
The Courtyard Cafe,"Heard Museum2301 N Central AvePhoenix, AZ 85004",Phoenix,average,FALSE
The Corner CityScape,"50 W Jefferson StPhoenix, AZ 85004",Phoenix,quiet,FALSE
Dona Kay Cafe,"9015 E Via LindaSte 105Scottsdale, AZ 85258",Scottsdale,average,FALSE
Buffalo Wild Wings,"1130 W Grove AveMesa, AZ 85210",Mesa,loud,FALSE
North 51 Grill,"3375 E Shea BlvdPhoenix, AZ 85050",Phoenix,average,FALSE
Wingettes,"15840 N 32nd  StPhoenix, AZ 85032",Phoenix,average,FALSE
Boston Market,"8001 N 19th AvePhoenix, AZ 85021",Phoenix,quiet,FALSE
Proof,"Four Seasons Resort10600 E Crescent Moon DrScottsdale, AZ 85262",Scottsdale,average,FALSE
Boston Market,"1010 N Alma School RdChandler, AZ 85224",Chandler,average,FALSE
Cheddar's,"2530 W. Chandler BlvdChandler, AZ 85224",Chandler,average,FALSE
Boston Market,"15784 N Frank Lloyd Wright BlvdScottsdale, AZ 85260",Scottsdale,average,FALSE
Boston Market,"2712 N Scottsdale RdScottsdale, AZ 85257",Scottsdale,average,FALSE
Boston Market,"3435 S McClintock DrTempe, AZ 85282",Tempe,quiet,FALSE
Boston Market,"1804 E Elliot RdTempe, AZ 85284",Tempe,average,FALSE
5 & Diner,"6353 E Southern AveMesa, AZ 85206",Mesa,average,FALSE
Cindy's Arizona Cafe,"124 E McKellips RdMesa, AZ 85201",Mesa,average,FALSE
Dennys,"2801 N Black Canyon HwyPhoenix, AZ 85009",Phoenix,quiet,FALSE
Country Boys Restaurants,"2330 W Camelback RdPhoenix, AZ 85015",Phoenix,average,FALSE
Mel's Diner,"1747 Grand AvePhoenix, AZ 85007",Phoenix,average,FALSE
Raising Cane's,"1945 S Stapley DrMesa, AZ 85204",Mesa,average,FALSE
Raising Cane's,"2715 W PeoriaPhoenix, AZ 85029",Phoenix,average,FALSE
Raising Cane's,"4325 E ThomasPhoenix, AZ 85018",Phoenix,average,FALSE
Raising Canes,"4506 E Cactus RdPhoenix, AZ 85032",Phoenix,average,FALSE
Raising Cane's,"960 E University DriveTempe, AZ 85281",Tempe,average,FALSE
Sonic Drive-In,"2935 S Dobson RdMesa, AZ 85202",Mesa,average,FALSE
Sonic Drive-In,"5002 E Mcdowell RdPhoenix, AZ 85008",Phoenix,quiet,FALSE
Sonic Drive-In,"3330 E Thomas RdPhoenix, AZ 85018",Phoenix,average,FALSE
Sonic Drive-In,"1537 W Camelback RdPhoenix, AZ 85015",Phoenix,average,FALSE
Sonic Drive-In,"3411 W Union Hills DrPhoenix, AZ 85027",Phoenix,average,FALSE
Sonic Drive-In,"5021 W McDowell RdPhoenix, AZ 85035",Phoenix,quiet,FALSE
Sonic Drive-In,"10210 W Indian School RdPhoenix, AZ 85031",Phoenix,average,FALSE
Sonic Drive-In,"41135 N Daisy Mountain DrPhoenix, AZ 85086",Phoenix,average,FALSE
Sonic Drive-In,"4740 Baseline RdPhoenix, AZ 85040",Phoenix,average,FALSE
Sonic Drive-In,"630 W Elliot RdTempe, AZ 85283",Tempe,average,FALSE
Petes Fish & Chips,"1111 E Buckeye RdPhoenix, AZ 85034",Phoenix,average,FALSE
Farm At South Mountain,"6106 S 32nd StPhoenix, AZ 85042",Phoenix,quiet,FALSE
The DawgFather Grill,"4727 N Central AvePhoenix, AZ 85012",Phoenix,average,FALSE
Flaming Kabob,"2252 E Baseline RdMesa, AZ 85204",Mesa,average,FALSE
ZeeZ Grill,"209 W Jackson StPhoenix, AZ 85003",Phoenix,quiet,FALSE
Sierra Bonita Grill,"6933 N 7th StPhoenix, AZ 85014",Phoenix,average,FALSE
Z'Tejas Southwestern Grill,"20 W 6th StTempe, AZ 85281",Tempe,average,FALSE
Long Wong's At the Firehouse,"1639 E Apache BlvdTempe, AZ 85281",Tempe,loud,FALSE
California Pizza Kitchen,"3163 W Chandler BlvdSte 4Chandler, AZ 85226",Chandler,average,FALSE
California Pizza Kitchen,"1850 South Val Vista DrMesa, AZ 85204",Mesa,quiet,FALSE
California Pizza Kitchen,"2400 E. Camelback RdSte. 112Phoenix, AZ 85016",Phoenix,average,FALSE
California Pizza Kitchen,"21001 N. Tatum BlvdSte 40-1370Phoenix, AZ 85050",Phoenix,loud,FALSE
California Pizza Kitchen,"10100 Scottsdale Rd.Scottsdale, AZ 85253",Scottsdale,average,FALSE
California Pizza Kitchen,"2000 E Rio Salado PkwySte 1253Tempe, AZ 85281",Tempe,quiet,FALSE
Old Chicago,"135 West Ocotillo Rd.Chandler, AZ 85248",Chandler,average,FALSE
Old Chicago,"1656 S Alma School RdMesa, AZ 85210",Mesa,average,FALSE
Old Chicago,"6821 E Superstition SpringsMesa, AZ 85209",Mesa,average,FALSE
Applebee's Neighborhood Grill & Bar,"1245 W Chandler BlvdChandler, AZ 85224",Chandler,average,FALSE
Keegan's Grill,"1095 W Queen Creek RdChandler, AZ 85248",Chandler,average,FALSE
Charleston's,"1040 N 54th StChandler, AZ 85226",Chandler,average,FALSE
Fired Up Grill,"7131 W Ray RdChandler, AZ 85226",Chandler,average,FALSE
Lucky Lou's,"3245 W Ray RdChandler, AZ 85226",Chandler,average,FALSE
Zammi's Grill,"4040 S Arizona AveSte 7Chandler, AZ 85248",Chandler,average,FALSE
BLD,"1920 W Germann RdChandler, AZ 85286",Chandler,average,FALSE
Village Inn,"2935 S Alma School RdChandler, AZ 85286",Chandler,average,FALSE
Duke's Tavern,"4910 W Ray RdChandler, AZ 85226",Chandler,average,FALSE
Charleston's,"1623 S Stapley DrMesa, AZ 85204",Mesa,average,FALSE
Ruby Tuesday,"6555 E Southern AveMesa, AZ 85206",Mesa,average,FALSE
The Dirty Drummer,"1211 N Country Club DrMesa, AZ 85201",Mesa,average,FALSE
Little Mesa Cafe,"3929 E Main StreetMesa, AZ 85205",Mesa,average,FALSE
Red White & Brew,"6740 E McDowell RdSte 102Mesa, AZ 85215",Mesa,average,FALSE
The Landmark Restaurant,"809 W Main StMesa, AZ 85201",Mesa,average,FALSE
Silke's American Grill,"2036 N Gilbert RdMesa, AZ 85203",Mesa,average,FALSE
Uncle Bear's Grill & Bar,"9053 E Baseline RdMesa, AZ 85209",Mesa,average,FALSE
Village Inn,"5012 S Power RdMesa, AZ 85212",Mesa,average,FALSE
Taylor Rays,"4906 E Main StMesa, AZ 85205",Mesa,quiet,FALSE
Chili's Grill & Bar,"1025 N Dobson RdMesa, AZ 85201",Mesa,average,FALSE
Redstone Grill,"1600 S Country ClubMesa, AZ 85210",Mesa,average,FALSE
T.G.I. Friday's,"1720 S Power RdMesa, AZ 85206",Mesa,loud,FALSE
Red Mountain Cafe,"4410 E University DrSte 106Mesa, AZ 85205",Mesa,average,FALSE
Fran's Place,"6320 E Main StMesa, AZ 85205",Mesa,average,FALSE
Boulders on Southern,"1010 W Southern AveMesa, AZ 85210",Mesa,average,FALSE
Tom's Tavern & 1929 Grill,"2 N Central AvePhoenix, AZ 85004",Phoenix,average,FALSE
Friday's Front Row Sports Grill,"Chase Field401 E Jefferson StPhoenix, AZ 85004",Phoenix,average,FALSE
Chili's Grill & Bar Catering,"2057 E Camelback RdPhoenix, AZ 85016",Phoenix,average,FALSE
Rock Bottom Restaurant & Brewery,"14205 S 50th StPhoenix, AZ 85044",Phoenix,average,FALSE
Keegan's Grill & Taproom Foothills,"4723 E Ray RdPhoenix, AZ 85044",Phoenix,average,FALSE
Applebee's Neighborhood Grill & Bar,"4609 E Chandler BlvdPhoenix, AZ 85048",Phoenix,average,FALSE
TGI Friday's,"21001 N Tatum BlvdPhoenix, AZ 85050",Phoenix,average,FALSE
Bill Johnsons Big Apple,"16810 N 19th AvePhoenix, AZ 85003",Phoenix,average,FALSE
The Fry Bread House,"4140 N 7th AvePhoenix, AZ 85013",Phoenix,average,FALSE
Arby's Roast Beef,"6850 N 35th AvePhoenix, AZ 85017",Phoenix,quiet,FALSE
Chili's Grill & Bar,"3039 W Agua Fria FwyPhoenix, AZ 85027",Phoenix,average,FALSE
Long Wongs,"7502 W Thomas RdPhoenix, AZ 85033",Phoenix,very_loud,FALSE
Casey Jones Grill,"4163 W Thunderbird RdPhoenix, AZ 85053",Phoenix,loud,FALSE
Native New Yorker,"2740 W Bell RdPhoenix, AZ 85053",Phoenix,average,FALSE
Buffalo Wild Wings,"7000 E Mayo BlvdPhoenix, AZ 85054",Phoenix,very_loud,FALSE
Chili's Too,"Phoenix Sky Harbor Int'l AirportTerminal 4Phoenix, AZ 85073",Phoenix,very_loud,FALSE
The White Chocolate Grill,"7000 E Mayo BlvdPhoenix, AZ 85054",Phoenix,average,FALSE
Village Inn,"310 E Bell RdPhoenix, AZ 85022",Phoenix,average,FALSE
Bill Johnson's Big Apple Restaurants,"3101 W Indian School RdPhoenix, AZ 85017",Phoenix,average,FALSE
Deer Valley Airport Restaurant,"702 W Deer Valley RdPhoenix, AZ 85027",Phoenix,average,FALSE
Azool Grill,"3134 W Carefree HwyPhoenix, AZ 85086",Phoenix,average,FALSE
Steve's Greenhouse Grill,"139 E Adams StPhoenix, AZ 85004",Phoenix,average,FALSE
Dick Clark's Bar and Grill,"Sky Harbor AirportTerminal 3Phoenix, AZ 85073",Phoenix,average,FALSE
Fox Sports Grill,"3400 E Sky Harbor BlvdPhoenix Sky HarborPhoenix, AZ 85034",Phoenix,loud,FALSE
Lunch Box,"2539 W Bethany Home RdPhoenix, AZ 85017",Phoenix,average,FALSE
Sacred Hogan Navajo Frybread,"842 E Indian School RdPhoenix, AZ 85014",Phoenix,average,FALSE
Village Inn,"4040 East Bell RdPhoenix, AZ 85032",Phoenix,average,FALSE
Teakwoods Tavern & Grill,"2808 E Indian School RdPhoenix, AZ 85016",Phoenix,loud,FALSE
12th Fairway Bar & Grill,"4000 E Sky Harbor BlvdPhoenix, AZ 85034",Phoenix,very_loud,FALSE
Trails End Bar & Grill,"The Legacy Golf Resort6808 S 32nd StPhoenix, AZ 85042",Phoenix,quiet,FALSE
Moon Valley Grill,"15414 N 7th StPhoenix, AZ 85022",Phoenix,loud,FALSE
Chili's Grill & Bar,"34710 N North Valley PkwyPhoenix, AZ 85086",Phoenix,loud,FALSE
Gino's Coast To Coast,"13623 N 32nd StPhoenix, AZ 85032",Phoenix,average,FALSE
Marston's Cafe,"Renaissance Phoenix Downtown Hotel50 E Adams StPhoenix, AZ 85004",Phoenix,quiet,FALSE
JB's Restaurant,"3567 W Northern AvePhoenix, AZ 85051",Phoenix,average,FALSE
Bistro 202,"202 N Central AvePhoenix, AZ 85004",Phoenix,average,FALSE
Rico's American Grill,"Pointe Hilton Squaw Peak Resort7677 N 16th StPhoenix, AZ 85020",Phoenix,average,FALSE
On Deck Sports Grill,"19401 N Cave Creek RdPhoenix, AZ 85024",Phoenix,average,FALSE
Thunderbird Roadhouse,"3549 W Thunderbird RdPhoenix, AZ 85053",Phoenix,average,FALSE
Zipps Sports Grill,"1515 E Bethany Home RdPhoenix, AZ 85014",Phoenix,loud,FALSE
WY Market,"1819 W Buckeye RdPhoenix, AZ 85007",Phoenix,average,FALSE
Jackalope Flats,"Phoenix Sky Harbor Airport4225 E Sky Harbor BlvdPhoenix, AZ 85034",Phoenix,average,FALSE
Gertrude's,"1201 N Galvin PkwyPhoenix, AZ 85008",Phoenix,average,FALSE
Salty Sow,"4801 E Cactus RdPhoenix, AZ 85254",Phoenix,average,FALSE
IHop,"2000 W Northern AvePhoenix, AZ 85021",Phoenix,average,FALSE
Olive & Ivy Marketplace,"3400 E Sky Harbor BlvdPhoenix, AZ 85034",Phoenix,average,FALSE
The Fry Bread House,"1003 E Indian School RdPhoenix, AZ 85014",Phoenix,quiet,FALSE
Stonegrill,"5350 E Marriott DrPhoenix, AZ 85054",Phoenix,average,FALSE
Joe's Philly Steak & More,"8018 N 19th AvePhoenix, AZ 85021",Phoenix,quiet,FALSE
Denny's Restaurant,"9160 E Indian Bend RdScottsdale, AZ 85250",Scottsdale,quiet,FALSE
Chilis Grill And Bar,"8612 E Shea BlvdScottsdale, AZ 85260",Scottsdale,average,FALSE
Pacific's Cafe,"7272 E Indian School RdScottsdale, AZ 85251",Scottsdale,average,FALSE
Dennys,"3315 N Scottsdale RdScottsdale, AZ 85251",Scottsdale,quiet,FALSE
Charleston's,"17001 N. Scottsdale Rd.Scottsdale, AZ 85255",Scottsdale,average,FALSE
JJ's Sports Cantina,"409 N Scottsdale RdScottsdale, AZ 85257",Scottsdale,average,FALSE
Two Hippies Breakfast Joint,"4306 N 7th AvePhoenix, AZ 85013",Phoenix,quiet,FALSE
The Good Egg - Tramonto,"34948 N Valley ParkwayPhoenix, AZ 85086",Phoenix,average,FALSE
Biscuits,"4623 E Elliott RdPhoenix, AZ 85044",Phoenix,average,FALSE
Cinnabon,"3400 Sky Harbor BlvdPhoenix, AZ 85034",Phoenix,quiet,FALSE
The Grove Cafe,"7010 S 27th AvePhoenix, AZ 85041",Phoenix,average,FALSE
Village Inn Resteraurant,"4040 E Bell RdPhoenix, AZ 85032",Phoenix,quiet,FALSE
Corridors Cafe,"2155 W Pinnacle Peak RdUnit 1Phoenix, AZ 85027",Phoenix,quiet,FALSE
Matt's Big Breakfast,"825 N 1st StPhoenix, AZ 85004",Phoenix,loud,FALSE
Snooze AM Eatery,"2045 E Camelback RdTown & Country Shopping CtrPhoenix, AZ 85016",Phoenix,average,FALSE
U.S. Egg,"2957 W Bell RdPhoenix, AZ 85053",Phoenix,average,FALSE
IHOP Restaurant,"2529 N 75th AvePhoenix, AZ 85035",Phoenix,average,FALSE
Matt's Big Breakfast,"3800 E Sky Harbor BlvdTerminal 4Phoenix, AZ 85034",Phoenix,average,FALSE
The Good Egg - Hilton Village,"6149 N. Scottsdale RdSte A-190Scottsdale, AZ 85250",Scottsdale,average,FALSE
The Good Egg - Thunderbird,"13802 N Scottsdale RdSte 171Scottsdale, AZ 85254",Scottsdale,average,FALSE
JP Pancake,"9619 N Hayden RdScottsdale, AZ 85258",Scottsdale,average,FALSE
The Good Egg - Carefree,"34422 N Scottsdale RdSte A-3Scottsdale, AZ 85266",Scottsdale,average,FALSE
Original Pancake House,"6840 E Camelback RdScottsdale, AZ 85251",Scottsdale,average,FALSE
The Good Egg - Ancala,"11162 N Frank Lloyd WrightSte101Scottsdale, AZ 85259",Scottsdale,average,FALSE
D'lish,"2613 N Scottsdale RdScottsdale, AZ 85257",Scottsdale,average,FALSE
The Good Egg - Hayden Peak,"20567 N Hayden Rd#120Scottsdale, AZ 85255",Scottsdale,average,FALSE
IHOP,"8950 E Mountain View RdScottsdale, AZ 85250",Scottsdale,average,FALSE
Over Easy,"9375 E Bell RdScottsdale, AZ 85260",Scottsdale,average,FALSE
IHOP,"14826 N Pima RdScottsdale, AZ 85260",Scottsdale,average,FALSE
The Egg I Am,"10155 E Via  LindaSte H131Scottsdale, AZ 85258",Scottsdale,average,FALSE
Morning Squeeze,"4233 N Scottsdale RdScottsdale, AZ 85251",Scottsdale,average,FALSE
The Breakfast Joynt,"20775 N Pima RdSte 110Scottsdale, AZ 85255",Scottsdale,average,FALSE
Eggstasy,"6990 E Shea BlvdScottsdale, AZ 85254",Scottsdale,average,FALSE
Bosa Donuts,"37 W Baseline RdTempe, AZ 85282",Tempe,quiet,FALSE
Orange Table Tempe,"203 E 7th StTempe, AZ 85281",Tempe,average,FALSE
Dessie's Cafe,"NWC Ray and McClintockAlbertson's CenterChandler, AZ 85226",Chandler,quiet,FALSE
BB Cafe,"1076 W Chandler BlvdSte111Chandler, AZ 85224",Chandler,quiet,FALSE
